video_id,category_id
Fkwkn7vXpWI,24.0
Plh2sfrbdlc,24.0
7DLKv39MLbg,22.0
OXZQ5DfSAAc,1.0
xq9FgX_mXiE,24.0
aRz_XfwcVtU,10.0
E7ykb1geOoU,25.0
nrXlY6gzTTM,1.0
P4YJwy_T9pM,22.0
ZwIuff3270M,26.0
CR9zYgr84QY,26.0
IOd0HGH6xKI,10.0
54Eae2ewc1c,10.0
hX643KbiI4s,24.0
qYmPNNvfawM,20.0
o3CaFMmKA7A,23.0
7JMV6iBlXFo,10.0
zN_DJ3c2N28,22.0
PUTEiSjKwJU,17.0
3s1rvMFUweQ,24.0
2Zvmi5BzDbs,10.0
gEHCXl4J9Qo,24.0
xg9ebVTL9yE,10.0
510KQ_LXGww,26.0
rwYd2kIZxk4,25.0
KSbHlycTciM,22.0
NLCfRHdi6Ig,17.0
fMbuWa-OdN8,17.0
6epjkX1sr2M,26.0
k1cA-Wh3Tc0,28.0
EEIP1YpFXrE,20.0
mjBIsBPG1N8,22.0
Mn-3c6of8t8,24.0
NVCqz2BDfcQ,10.0
lo5ERI5nPbM,10.0
RYs08kX3Ih4,26.0
6jV798JxoTY,22.0
nshmwFK3yd8,24.0
fRj34o4hN4I,28.0
icqp_XDH_BI,26.0
nRafaCcfrcI,24.0
8KT1UCsOE74,24.0
nlodY8nMw-A,23.0
JDDP9fY6dmI,25.0
aRXgvkpMZrI,22.0
9t9u_yPEidY,10.0
hbmdI8A7SSo,23.0
d8RW-WSpAhQ,22.0
_wM_jY_rass,25.0
vLVSf_yI_r8,24.0
1_Nr0hrjR24,28.0
jG1JY0rt2Os,10.0
A5TPOKoE1_M,22.0
bxeHBBf21UY,17.0
z4bLKt9k5dk,24.0
MMGrzOu1amQ,24.0
_8VHAHoCUVY,20.0
rL4WkebTT_U,24.0
mwpHSMv1pI4,23.0
ixxR3ZoqnF0,10.0
hXcoq5XDwyA,20.0
ONQ-fAp5X64,17.0
LMCuKltaY3M,10.0
A8ScwhLh7uo,1.0
q-WipZ9p0wk,26.0
EBt_88nxG4c,10.0
nVTNrp1RuEI,24.0
L9eFkmjIIWA,27.0
4zD4HPlc-BE,26.0
Qj7DVNDb7To,23.0
jp9hK-jY6yY,23.0
6RyOsIseJbk,22.0
V3EYjVPRClU,10.0
PCVtE3wRNPg,24.0
cm1_NPyNRvw,24.0
S-iiG3-4FJ8,26.0
qN1_nEdly7I,24.0
aJqEx_t_9S8,24.0
svZScJMh4Pg,10.0
O3eO646jjzQ,24.0
eQVhAN7-IAw,10.0
xzpQSINtLkw,10.0
CzmIrPvIzxk,1.0
tz23WFb8HM0,10.0
aKPz583WRpQ,24.0
Ssvv40iz-Ls,26.0
N0tmF4j4K6g,15.0
gKo7V7nxvqE,24.0
pHE8nIB6j2U,10.0
Up09AUDzLVI,28.0
X5DWRXTOUD0,26.0
QlnMYbtEy2A,22.0
hq9SEUlkZ5s,26.0
lMSHTnkVJVs,10.0
5E4ZBSInqUU,10.0
0ANDjPQPS_Q,26.0
rvkm8DPbWgc,23.0
rIh1NW7afo4,17.0
3GtSorFUQhc,22.0
Z1rZAT2GtmI,23.0
qu-biRtYEcU,10.0
XHkAjUVoQME,22.0
lJM8qqEy35c,25.0
rx2qG_YMrDs,17.0
FaJmopuuhZE,10.0
BWX1ygwYzWc,20.0
w1fN1_9BNM8,10.0
yxfZBun1uBU,24.0
HJBqbRMUOaI,10.0
jGiqc3HSxEg,27.0
fIElFIuzGLI,26.0
FTv-CE43PpM,24.0
sDvATt2VBxU,20.0
cmc8q2dcIMs,10.0
Fjdbk8kBFNA,24.0
Mv-CJ44KbW4,24.0
8hKbIhrb1WU,24.0
qqs3fxfmWr4,28.0
Nsw5HuVGdBI,10.0
ijJPFowBsBc,22.0
_UlPkHa4POE,26.0
qgGooEyeNNc,10.0
PHWAZNkqwN4,10.0
0gwkMY-mzUQ,24.0
bvBNvAMeovw,24.0
jBzwpspHssw,1.0
I6N-XuYllgA,24.0
WXlr35jV3cw,10.0
be3BHwNi58A,25.0
mOvMR9K4YNc,17.0
aQzai9oXb-g,26.0
uI4AsXCHfWU,24.0
dHDn26UX4aw,23.0
JcC5VGOx8I8,10.0
1dQEfL2BfUM,24.0
97IfPfjSaDg,1.0
o9zRQijCN5w,10.0
GBhrvR838Ag,25.0
Y1GgsGcuk7U,15.0
Blgj9YbU9ww,22.0
DpSWgZVIfi8,10.0
tr1Loa7r7sY,24.0
4WnizmrnJlk,23.0
8kFnLQySIzU,24.0
NRh8KWiCxWU,10.0
3XklsSF53pc,24.0
Q0hEOLm6Wrs,26.0
o7OwzKm8aa0,23.0
sOIBkZsGb0A,23.0
UQHSK-kgONk,10.0
817P8W8-mGE,10.0
2HboMs0vbsE,24.0
J2kNt-PHayo,26.0
SLJYTr78NUQ,26.0
w2A8q3XIhu0,27.0
IbVR4kzVQrk,24.0
8pffcngJJq0,25.0
ir8UofAKNCM,22.0
LgmxMuW6Fsc,10.0
J6H6ND35Swc,22.0
SA7AIQw-7Ms,10.0
o7iL2KzDh38,10.0
k_aT3jAK_QU,24.0
BsX0xICayWI,22.0
XMAMyhK-CHg,17.0
UqItlHUSN-4,10.0
e7b5hbWvWEQ,10.0
D_Rl7NSpp60,17.0
03RQLmDNIEw,26.0
hVEgTsmBDw0,26.0
5qxqo2CQakA,23.0
8mFUhpKz01s,24.0
WLagbArQsuE,10.0
k9PdgjmQcKI,22.0
paRcIxlBq5c,22.0
LctCTZKdO18,24.0
CHLdNpzdXIY,10.0
8QCxV--St8o,10.0
9BAwZN16yo8,17.0
XAzqBDFs418,23.0
UceaB4D0jpo,10.0
dsNNfiA6qjs,24.0
BC19fhyTG_M,10.0
EAuQBaienc8,24.0
bYpItS1jS3Y,23.0
Bze3VoLmTTs,26.0
USigj639wTU,23.0
QF031DwMffQ,1.0
WlZu4RmD_oU,22.0
WeyLEe1T0yo,25.0
pfYEiDg67AI,26.0
xXP9xBgTFv8,10.0
YL9sNrOlK-I,17.0
nVrkQyLS4oE,24.0
q9bGAAYR2MY,23.0
Zqh2DS7oIbU,20.0
VYzDZ1qeKEc,10.0
5ELQ6u_5YYM,24.0
q6xkWA0Qi98,23.0
KopT-9VSZn4,20.0
VquESKGqsDI,26.0
JJWOLBw7tEY,24.0
9Ktmmjt8Tq4,24.0
LeWtF5y9-6Q,23.0
hzCeq0-Vd1U,24.0
k9oMv0JzCn8,10.0
aJ9XruZm_Hg,24.0
PUvVjWR3zTQ,10.0
6mDsa-AqNcQ,27.0
Pl_BHQOCFDY,22.0
oxI2lyW31zM,10.0
r81egea0QPo,1.0
0nybdPCuvRI,17.0
W8_T7MMywcs,24.0
UKka73nn1dk,17.0
CofZ7xjGyI8,22.0
OmhvgIgwLeM,10.0
nx1R-eHSkfM,10.0
mebZJFd8_Vw,20.0
wLZIWQnACjc,23.0
TKc65We4Yhs,1.0
vgX5M1eVhyw,26.0
kFiJG9KZJ3s,10.0
khPLWaBioOs,24.0
NWGguhHrzpw,26.0
oQx3h5D9pwg,22.0
SxAp27sFaIM,22.0
BnANUza_uXQ,24.0
4xN-jUfJAyM,10.0
rXfnPGGfSh8,10.0
nzlazAyylw8,1.0
oUingTdSjC4,17.0
KDPG0YEsD5Q,22.0
N9s2YY3g2r0,1.0
_4LsQ_kdLh0,10.0
FofCwLXknq8,10.0
G0XLp2AQxek,22.0
hNsd-m30m2E,24.0
_Jc8hxt6kdU,20.0
nSuregWhlWk,10.0
Oapebl0bADA,10.0
prmQgSpV3fA,10.0
mriYyuDmB58,23.0
5ZoKBdxhXpw,10.0
Wl9NFbqbwEw,22.0
hsh54g9JmC0,10.0
2TQAP-uAN9I,17.0
FJgx-_eGRh0,10.0
15aTCG3as6Q,24.0
KtqVezaUhkA,24.0
LHDHdyB0A5o,1.0
c84hT_DseRg,10.0
ZAO9WjsFcaI,20.0
YypPLpuPJZU,23.0
ntLtNTUCuII,10.0
dyBFAX4SDEc,20.0
6uBuxJXlWrQ,25.0
zhbjf49Lv9o,10.0
TZSVf-yD7N8,24.0
XkVwqEdYlNA,24.0
CSDHM6iuogI,28.0
TOeWI-HClI8,22.0
MVyJZfFH9GI,10.0
TIVvCUWMMAY,20.0
3Z6kYVQC83E,23.0
fiGSDywrX1Y,10.0
I8S7ZH4-wIs,17.0
LFhT6H6pRWg,22.0
3_keXD1yV3E,26.0
bi9NkBZ1qe4,20.0
KP0r5LSbWL4,10.0
Q4FZi6_DUO8,26.0
McenDl9NdYE,20.0
lw_KFCgcvA4,26.0
Swtha2lg-xI,20.0
P9Ijqa_2eu0,10.0
YJ1aeCE6pd4,22.0
aj8mN_7Apcw,1.0
Yp5R84V1bDU,24.0
0lXX3dJUAGY,27.0
NBkC83-vh9A,24.0
MJGkm0UwNRk,24.0
pWqef6cbwzI,22.0
OdJh_Q5XY4U,17.0
i0biqMZrxJ0,24.0
9xPz2SUdYGo,17.0
tpF7R7ou4OY,24.0
h7MBKjAyBU4,17.0
3yt4JsB9psg,25.0
zXHUHx4R9kI,10.0
8Y4eFnLRIzI,10.0
BsQZPKeaKBg,2.0
s0qeYQZ7mEo,25.0
lwzfPL-rJqA,24.0
cL5oCP0VIEI,20.0
g2GbkH12xMg,24.0
ceJcHUoO734,20.0
Ymt4lpzv62g,24.0
RlSzahonkTk,10.0
8HvwNOSnveE,27.0
aP0izmLk-Q8,24.0
hdyD3afxyxc,20.0
dRvKm__GrqU,1.0
KjHan6D3O3g,10.0
sJWu8sMMh0U,10.0
RdMWIgZIPD8,1.0
L9hwGZFPSmw,24.0
INRXOIgmNUU,22.0
EENwBr3Mp2o,17.0
wzKL-bQKcgA,23.0
4cucHc2vef4,10.0
YBT_rfVxY5A,26.0
Ff7wbSwTuEk,23.0
2cosj7UeQoY,10.0
dCROpIx2s0g,23.0
nVy68X3cubA,22.0
cntsqw7XOF0,10.0
Bzu4G8uZs-4,10.0
pNpsjMnO7mU,17.0
YfOHh5mt9SM,24.0
G5V0rsKkMDo,10.0
NgVF0DMX3d4,24.0
mHL8xhktzDc,10.0
gvYVO6vWm2Y,22.0
ebzooSdAbGE,25.0
ibI5-k5sin8,24.0
T3E6AKDbI2Y,10.0
3a3vMfOCb3Q,17.0
u_OO9taOvG8,10.0
TPQqpxfm6BI,24.0
OXf9D91wrIQ,17.0
jNStfcyNrOI,10.0
tT-lTxhW7pY,25.0
nranUeNkXpM,23.0
QODABIgXtCM,26.0
nSSXvOidHeg,24.0
mrTNzn4-K3o,26.0
ol_ieWX8SxE,2.0
61SWGdZ2p2M,10.0
tAn7wxn2Atk,24.0
4JGWxG-vE24,24.0
NsGrfU5buKc,24.0
3ATQvgkXT9E,10.0
1Wo6WEBhBBw,25.0
4OiHwMtKwis,10.0
E60w-0q8Y0Y,24.0
hu_4yAZVNsU,24.0
UhSJp34wOeo,1.0
6eB_iBslIfE,22.0
wVy6mbSbbiA,24.0
E7Er4t8PIYw,24.0
lERhNXw6FaQ,1.0
Kx90AspFmEA,26.0
csCCdQLqcVY,24.0
WS7f5xpGYn8,10.0
alRtHXnZMOI,10.0
nuKhpdLgR2U,10.0
FntZKz9fXp8,24.0
5uXsCaakZD8,24.0
0gLsukihjVg,20.0
KB_GCuJwPE4,22.0
xmMxtSwTwwQ,22.0
DrApVH3afMI,22.0
k_JTFUEp7mw,24.0
YgZiM_prrgo,22.0
2-bTbRjqjoE,24.0
oQxKEtoHygY,10.0
zbyu6MOzpLE,10.0
IFE_dep7_zI,26.0
s9EE_r0WRMk,26.0
u_SA2QkZd24,10.0
2dls8iCoQTI,26.0
Lfy5Esue_ls,22.0
sXP6vliZIHI,22.0
l_lblj8Cq0o,10.0
7cql4KuraEo,25.0
XQ0sKCp_NZA,24.0
21jcP-1w4DA,26.0
qZwEZOuSEI8,10.0
ryr75N0nki0,10.0
R8QfoQYUsek,24.0
MFWF9dU5Zc0,24.0
hj44lITeFHk,22.0
XdE5Psqh57I,22.0
ifkRhaEDzzo,24.0
HL1LiSiBPMo,10.0
bVU-MmJZFFA,10.0
8KgiaRPxRnQ,20.0
QRl9IO2ORGE,22.0
yJqsPBWbtjk,24.0
6l9go9X1EbE,25.0
r9C7Grxk4bU,25.0
mBrdEYW0Vno,10.0
yDo3Ketyb3w,10.0
cIQKKzZtWwQ,10.0
2pVHOaT9CZ4,24.0
mdY3XDGtVnk,24.0
UfR5dKcKJvY,23.0
Lu7a7zKbJo0,10.0
FVjXoM4DjTU,22.0
XvondF0gfro,24.0
Ei6AtHXJ9dg,23.0
kn073_61fpc,26.0
RzK4sqmgimk,22.0
w9dOyO1QM5Q,10.0
5zP4yWzb24M,10.0
lojZXnH_978,24.0
yN8Jclaqf0Q,22.0
muYm5x8DyLA,22.0
hU_oxkN9wsw,17.0
PC1iHFQ0zEk,24.0
IpjK885tG2c,24.0
dbMtuJ1tZnc,24.0
oj8JK6c5x3M,24.0
eKHUU2NHP5U,20.0
MnpB1X5VbOQ,24.0
TwUaijHsNF0,22.0
bi1wcqsFoCs,24.0
aeMv9uKpAZg,23.0
5QpnRjXtm1A,22.0
GLZZn7lCtcI,17.0
2rp_8lf-kik,22.0
QwZT7T-TXT0,24.0
I2eSx0sGReM,20.0
12B8DNBoYRA,10.0
zUelEgXDHa8,23.0
Oa9c9JBBGxM,1.0
cMD63TwzB1o,10.0
LwZC54Ubl8w,20.0
NdqLiIaZoeo,10.0
C2-Fm2vpEKA,24.0
E0yPapgxIgo,26.0
HzILu6yyA20,1.0
6F5x2ArbQKU,17.0
aJrCQypP4a0,24.0
dhFM8akm9a4,24.0
p09c0MXDxto,24.0
Pl9oc13p534,24.0
Y_1CaQl0FJs,24.0
3rVFuscWyC8,22.0
wYQcU5VXde8,24.0
BmMuLuG1yW8,24.0
d6awT91VKUw,24.0
Qc9-dHabR2E,24.0
nFmSepfF48o,24.0
18thGW1YjRM,24.0
uaa5x5UwF6Q,10.0
b7K_lbglfI4,10.0
XspEs1x9cPU,25.0
a3Iaia_MYPc,15.0
24-AhdoN_Nk,1.0
s4_d8WWS7z0,24.0
o3Fam8LqZjA,17.0
rMFxV-l3qG0,23.0
Ev9rOA2Yjs0,28.0
GpEuHHMy-Z8,24.0
iwd9apG72IE,23.0
FtB3YSdLQR4,24.0
tiH07VpwSLY,10.0
WAuSHwVwvzk,10.0
X-QSZhh_YWg,27.0
ffHCh6ZCZfo,19.0
WipbEpll-rQ,24.0
8BQqX3bUqtY,10.0
R8QG7nf5IXQ,10.0
KweizHAroUU,24.0
NXNM0dTzHOE,10.0
BjRNY3u3bUw,24.0
V0HCZ4YGqbw,22.0
oyC4lLTOyL8,27.0
VswT01nKLLA,10.0
xG0HmKgwo0c,17.0
Htu3va7yDMg,10.0
zUrDUxh5xS0,27.0
wH-by1ydBTM,10.0
1EC8lBwroOc,10.0
xvaCIbcM2-I,24.0
2pJlpCfueV0,22.0
aMcjxSThD54,25.0
2UmRhLA3Qzk,20.0
900X9fDFLc4,10.0
Y0MjGxKe888,10.0
9Jn8TXoPQTg,24.0
I5uXtODq74w,24.0
lVNt1sUWyDU,10.0
zcJ8BTAGqE0,10.0
QsSxRElRe1I,23.0
V2onC1_QOmU,24.0
4L43VVORo5c,28.0
ty-AFKiiTRA,10.0
KUNX9KK53lA,22.0
sun1x0ANt-Y,15.0
4Ibn7DeBS-Y,24.0
SfUDDMj3NO0,25.0
OM9h-llN4TY,1.0
2kCbFmjEi6A,10.0
idD1C2-ISlo,10.0
Z7-R881j6UY,26.0
1hX1KSKqVmo,20.0
lmb6w5luY_Q,26.0
He-HBXbHT_U,22.0
34yQnVJDTt8,17.0
tTlxjhG7SOI,10.0
0SLu6i6Rm2g,17.0
T_AyI8I4O3U,17.0
ROZgx6HXw2k,1.0
MMjmdNqIrSU,20.0
I7B0z_2EZmQ,23.0
_7985zBEM3o,22.0
q260bjSiyq0,10.0
M4vnmgZLA8s,10.0
MICQb4QW448,27.0
QVoleJYgdM8,24.0
7LQ08Lyy_tw,27.0
soYZ2yzxEjM,24.0
PHhYqLCsAos,20.0
y4bAULTwAJU,25.0
EofDwwembIw,1.0
zQYarS9LYgk,10.0
5LCjvpjhf_4,10.0
m-Q0Ng61bT4,10.0
_f_LqAXzol0,24.0
zw6hMTAtdwg,20.0
Mgfe5tIwOj0,10.0
dfnCAmr569k,10.0
PIRSVcRIjq0,20.0
Q-oM2BQ8Jow,10.0
TosJRlDgKCA,17.0
lYATz3STgew,10.0
ZJkc_C5-Cd8,24.0
PUcS24GuAog,26.0
N1MZRowhMtc,1.0
yLdav-8af6g,1.0
sGIm0-dQd8M,10.0
FvBcYkY7ZGo,24.0
ic1kMoM_kPw,25.0
YR5qurEje5Y,26.0
O1RNq6rMbds,24.0
s_LxZx42sIk,27.0
vecSVX1QYbQ,10.0
3ChgRbqGi-E,10.0
caCdf94Blfw,1.0
YNpCXG66_PA,15.0
dAyg7C2-mjQ,22.0
Y-iFgDK_D5s,15.0
L1TScBDOdwc,22.0
liczsmUSMA4,10.0
JAqQ8Myx-1c,10.0
XTTf2fmh_QM,10.0
ypcmAXSKrLQ,24.0
S0nbOenwCLw,10.0
miY8hckQPwc,10.0
PpElRBQ-yGc,20.0
UCCcvxvwNVo,24.0
52L2HML5O1k,24.0
1m7WNpBbjKM,24.0
a9esk9m9PqQ,20.0
zGN8ghHMaKw,17.0
eEdPnm-AZ94,24.0
E9eAshaPvYw,1.0
Zy6nbhUW_5E,26.0
yN7N0P2TxHQ,10.0
d6wJfdfFnYY,23.0
akNs04ef_Co,26.0
xnZA52oTp6M,10.0
II-OP6vdMs8,22.0
Nsg6ZDd4NfQ,26.0
Zukh-0csKPc,22.0
9f5zD7ZSNpQ,10.0
xVhnfTwh1OA,24.0
XIZmIl9SsXk,22.0
jxFwvwYPPcs,20.0
R-lhShtMfvQ,10.0
tP_Dk81f9fg,10.0
nrB7aqfRzyE,1.0
ip_r4y-23JM,22.0
WXzA0pfvO6w,17.0
b_aLROw98NA,25.0
41oqd-mogW8,26.0
IJ9OFwFxxt4,1.0
qpAo_XvCQaQ,24.0
SJsvPv5Q_oY,15.0
13434sOl4Zo,15.0
uUCdUCxTjyI,10.0
mA4NVRV1FGU,26.0
X6SaVOLRcF4,10.0
D3V0aw-ljEg,20.0
lpkRFHSpvGI,24.0
yKVAhDbSito,26.0
D18e8aU-UWs,10.0
YWVylysTNIA,15.0
JWAvRIpuj1U,17.0
FB64ez0kf1c,25.0
FIFLT8iTyJk,17.0
EW3KD4kqqug,29.0
HuJkBDBloa0,24.0
Xz3GEsF-VKA,24.0
d9aIHhsjupk,22.0
ERyfRmz0N-w,23.0
5-rHVxhQUJA,10.0
WrcwcMIYpQg,27.0
SsaI0u8xn_4,22.0
dcVFxgm2S1I,24.0
FQUmz9QxtFc,23.0
Gc71AmT_b2k,10.0
r5JK6eEHwIQ,24.0
L4KiF0gHpvU,10.0
UNhI8F-C89o,24.0
hROYRchrJkU,22.0
JqIkzS2wSz8,24.0
5x-d3pabd5o,10.0
m0HN1TB-Jcw,22.0
xPsEiZAOb_I,24.0
L60GziFpdA4,24.0
I92OeEHWmTc,10.0
hwnDMahSwNI,25.0
li6f_0x0IGE,26.0
cZV6ebHoJ08,23.0
_gRC4L6lNoc,20.0
If75XsbYCZw,1.0
f1xIeTCgoFk,22.0
hph2mamrzfE,22.0
ymrTNoGnP5Q,24.0
BVRvrvCQdmg,20.0
JwfZqomlPsk,20.0
76owSh_PPG4,23.0
gLOxQxMnEz8,24.0
HEVonh8bjC0,1.0
JVDyowAzBrU,10.0
80T59B2RVOo,24.0
__1SjDrSMik,22.0
FtX7GY_iPok,24.0
CWAX-tiepMo,1.0
GJTtiYMdMtk,10.0
bYXM3uz1bjM,10.0
wrpeEitIEpA,1.0
NHrwcQQ38bA,17.0
ArVEH6KS6dA,10.0
EFNeulNdfRI,1.0
_J7dEhYttbQ,26.0
SDGHRQyZKes,23.0
LxoGNkLpgZk,10.0
q57eQqq9-IA,20.0
9StYOIBLanM,24.0
OZhUjWMS0qg,22.0
lpzJNwur6Zk,10.0
DlU4ZSU2xzg,24.0
51cbHTKdILA,10.0
dNW0B0HsvVs,24.0
2z3EUY1aXdY,17.0
qUmfriZoMw0,1.0
EZOZ-XD5wmg,22.0
48-pr5-G6Pw,10.0
ceyU5UBumLU,22.0
l3vbvF8bQfI,10.0
_zhR6d6LDzM,1.0
ClM-MORjXQI,15.0
gIsDpBMXbLo,24.0
YpnV0M6XTc8,23.0
VXvu5rtJNd4,24.0
yZhoHsgJlEo,24.0
IVzGsh0zRec,22.0
eACohWVwTOc,10.0
pVxOVlm_lE8,24.0
IX3_Aqji4yE,27.0
47_BVBakJqY,20.0
_fQtxKmgJC8,20.0
ElKPnh0Q8pU,1.0
IkV5VpEROW0,22.0
qtTM2YV3bI8,10.0
CfyMD5rSK50,1.0
IIS1M7m9tw8,22.0
tJoAYpurA6k,25.0
J6-8DQALGt4,24.0
qfZcxeqa1g4,24.0
zkG4Xpz6t68,10.0
cWGWYAhLuAQ,24.0
chjObfl72xQ,23.0
QS8bma7LRX4,24.0
V6wWKNij_1M,1.0
c8ngetsBSGk,24.0
af6L1jBZGYA,23.0
T1B1CxmAXLk,24.0
oI42BohDabU,24.0
upIaeqJEA2I,10.0
cq6wjjN73Q0,22.0
lHG6I6Ec4yA,1.0
HjnwaagBigA,25.0
WAwRrtH-4Lg,23.0
AtCLwYFRp4o,23.0
494VkPnSvJk,26.0
sIbv19R2rfY,22.0
n1PrGpIekYY,10.0
7sce--mR0kA,17.0
izyX4qtsVew,1.0
V69XYIRjKww,24.0
0GQmGOju6CE,24.0
OTVF8zFIyyQ,24.0
d7gOtEwaJzw,10.0
cosN6ilQ5u0,26.0
zMV51hydg8E,23.0
eQ3gXtX3U7I,22.0
7R1N-8SoqcM,10.0
08qd-vsHbaY,10.0
9S1Gc1nSXd4,10.0
4uTNVumfm84,10.0
wbSwFU6tY1c,28.0
FJ_TFXjr__4,24.0
pisY6J2Ky6U,24.0
ZnHW63aXXB8,24.0
A9k89DYdHKQ,10.0
7RZzxbZ6WWY,10.0
HtNWc1AIU20,17.0
7-T08gSQmxk,26.0
geeTiovdXLQ,27.0
61G3tDZQNhg,17.0
KIEVOMxKWxc,20.0
YBpdL9hSac4,1.0
_0ovuLsnU1A,24.0
D_eZxSYRhco,24.0
7Usr96nwjqI,24.0
sD9_l3oDOag,10.0
v4DFeT9z7yY,24.0
xYtsL9znopI,10.0
uwbd0-gaoY8,22.0
VQhvtVJvcdg,24.0
ZlPgrJFMFYY,24.0
yzshoDMBkqE,25.0
9vDdx1dba6c,10.0
9lH5NgUnPUs,22.0
nt7b-Qp34hk,23.0
v_Gdg-fEz6k,10.0
OTHHeIAYfuU,10.0
IdyXKJ8NcNI,22.0
Xg_4tbLnIOc,10.0
kZkIDiw0jDU,24.0
n0j_CX1S2es,17.0
hFFn8K2O4po,23.0
V-F7tpdPZ-E,15.0
mcsTWPSMDtg,22.0
NNJKWVmK-GM,19.0
OjhBeB9ESqw,22.0
oEtEBOy0ys8,24.0
GWMKelv5Bmw,23.0
8BAhwgjMvnM,1.0
iqsQ0KHImrU,10.0
V0nfRcc4PJ0,24.0
wjOK-U2GhIs,26.0
NooW_RbfdWI,24.0
QH9UE7FDbcM,24.0
M2zrC1QF7Zo,10.0
jzD_yyEcp0M,10.0
vHwOMWGAg_o,23.0
gZItyr1SNjU,10.0
rNYduKIyEvA,10.0
tJFk9dPdxO0,24.0
XR2ezV6pusk,23.0
l1DTeah8YAs,26.0
ixNNLvyCn5Y,1.0
r1CMjQ0QJ1E,10.0
7KPcfdbVTic,24.0
B7AjF4of300,17.0
lp_bsz_4e3U,24.0
p5N6tFob_Rw,23.0
GEsK9GudV2M,10.0
UedDBjWIMgU,24.0
Q17z9a03YaM,24.0
XZ-IYxacK3I,10.0
UDIkXCDdLTo,17.0
VTzD0jNdrmo,10.0
7FM_MfpYOLU,1.0
o4fHlldbRHo,23.0
N6hVmn9FM7o,20.0
6QtjdDiMLVg,10.0
YFHHGETsxkE,1.0
6J-D86wfxiE,24.0
IrmTRb2Ar1I,1.0
p55AlBd8XDU,10.0
rog8VV2A2bY,23.0
l8B5dqjsZUs,1.0
og77pfVFJTs,24.0
m4-sL1r9i1I,10.0
xIZPbhq37WQ,15.0
LHUKKrcXfJs,10.0
Vm4Xn5vjqRA,17.0
OTu9N40E_MI,1.0
qT6KNyLEV24,17.0
_hMQe2U4c6w,10.0
m4faDISwSVo,1.0
rplCCSqWXIY,15.0
ev2RHDUkE4M,24.0
2ATuTL5i0_c,26.0
w-n3YPSHv4s,25.0
SFKPktgfQdI,10.0
tGRzz0oqgUE,10.0
aAG9G35ioT8,1.0
AOvCyD9bbDM,10.0
JQbjS0_ZfJ0,10.0
Ew-3-8itpjc,26.0
dQhH0vPTSZY,22.0
C0Uv23ELQMQ,24.0
abSc5wLOqBM,24.0
xLtYmhj-0Kg,24.0
e1bEWoblGZA,22.0
ABLsSWE06q4,10.0
PdWe5ULGy_s,23.0
73_OWzBr8Fo,10.0
9yDNAc8YS9c,24.0
Jb3xzXyNh8I,20.0
YWE9YX-Km-M,26.0
wfWIs2gFTAM,10.0
HTDNGv61-Dk,1.0
dzxFdtWmjto,24.0
QBOzHhuTzvw,24.0
aMGQgC5yV-o,10.0
JpvC3j9Qxus,24.0
QZL2NrrhjHY,24.0
nRRBajXoN4M,1.0
TlvsuVe8Fh0,26.0
A70B_LKyOrU,10.0
m6qubM54PtE,23.0
MYATU9yZODE,22.0
JNkTNAknE4I,10.0
3TPY4TKo6uQ,24.0
eT2D50_pgUU,20.0
STEUAcTmXTg,10.0
zXV4Sgeyr2c,20.0
kLpH1nSLJSs,10.0
305ryPvU6A8,28.0
4HU6Z7anycw,1.0
VLuS34uhLJQ,26.0
QkR_xPPmT70,24.0
M39tO96E6B0,23.0
YtKap-E0OGM,10.0
_AsPY1bQx70,10.0
79dZ8JBTIL4,24.0
gzVTDKK-EKM,22.0
7bPSxB-8__o,1.0
8gHURYmTzFs,26.0
Vctcsa8Slxo,24.0
elwTgpHlty0,10.0
4AtOU0dDXv8,25.0
ir0G79oHXMc,10.0
lRkTgVynmbM,23.0
USc52ljSmuI,22.0
VloKUNlNG2s,10.0
sZoZryCb0P0,10.0
_yiQHtBFYkg,10.0
ctmgkGEOKI4,25.0
mctn16hLzhg,24.0
dtER80sOjX4,24.0
0XElmYomloA,10.0
AcZBI8UaMso,17.0
p03TIGqEc8o,10.0
IUmdcd_8Vwc,26.0
BhIEIO0vaBE,22.0
pspGtXW0QYo,15.0
zorKvDiLbxw,24.0
_I_D_8Z4sJE,10.0
SCPkXjwSWCY,26.0
-7tSTUR7FG0,10.0
yzGmnjDFuZE,24.0
kCwMARo94QY,24.0
HMvx0NbQ-Y0,17.0
mMHT2vdWvpg,20.0
kton-qrKNLc,10.0
R8jVjBDcV4M,20.0
LjUXm0Zy_dk,10.0
FxFF5bgG6xs,23.0
Uv1xscwDtIQ,1.0
h-6fIyaVmDM,24.0
SphTGtDlhHw,10.0
z85JsxyICg8,10.0
BQ31l1gPGKM,10.0
TUUUh-51t1k,1.0
EpW_OEuHNX8,24.0
A_xWDAbnBSU,10.0
Yv_rod8-Ma0,20.0
wowAOdTYqw8,10.0
VygnE7XlWJc,20.0
EC5UCCnk59c,17.0
T3hXC5yNZOc,10.0
NhNJjvStrJM,24.0
-5aaJJQFvOg,10.0
7GD1oeLeGUU,10.0
95Rzsn-zjr0,10.0
nIwCVaYR-HU,20.0
LJjsm6CVsG8,10.0
LtqHnoHMQOY,24.0
pgN-vvVVxMA,10.0
WR7cc5t7tv8,1.0
wjdXv3bOtqc,10.0
PAQjrGGhoUA,24.0
YiEFcURJ67U,24.0
f_lDdj755PA,24.0
tCXGJQYZ9JA,10.0
MwdYpMS8s28,27.0
7Jz8wZbXuDA,17.0
AHwZBYCwxPY,10.0
3adHok6ytJI,24.0
qTCksOKwTiA,22.0
MowKgO0IeyU,24.0
Ph54wQG8ynk,10.0
2VggEmXPnGw,22.0
8q1NFlE17qs,10.0
UEhsFEgsI5U,1.0
SupFJHdlVGc,26.0
h3EJICKwITw,24.0
TXHB9wL4WFg,10.0
JeRtUXTQ_aQ,10.0
KZ_eXk5t0r0,24.0
CW_UQL2gm7w,24.0
EQwhPkX3fnM,22.0
tIeXSCPBDsY,24.0
8OARiNiJ_w8,10.0
XGd1dq1BatM,10.0
7LNTrcguDaw,24.0
739XDwYBEdI,1.0
QfuOtGLfg04,25.0
kNg_RFDYpTw,26.0
_KBc4B5JFoQ,10.0
w8elLwSfGEM,24.0
G2U_H5dFKH0,24.0
7WbdxpZ6Khc,10.0
eFjFxgHedgM,24.0
CziHrYYSyPc,24.0
TdjAJeUy0zM,28.0
nCWKrEA4FBw,10.0
xuAH21DkJow,10.0
3v0c6smpHSk,1.0
wrvN87l3s08,10.0
au2n7VVGv_c,10.0
Iwz4P8HfGVM,10.0
O8hm2Ml-pA8,10.0
ToY6sjSV8h8,10.0
mwgUesU1pz4,1.0
t9QxlDaI3Y4,23.0
37lXjnflt9M,10.0
sFLTqo2emQ8,10.0
VeDIOvlN2Gg,24.0
JSXGagNzNLw,24.0
Ns7h153aFb0,26.0
iXfHlch1Lso,26.0
5sEaYB4rLFQ,24.0
m7b8hitvfoE,10.0
gx3S73InQ04,17.0
k1xvol1SCx8,10.0
bFbOHqCpeFs,10.0
jMf16G4kZUo,10.0
2UByqalCfnk,10.0
7pLdjf2NSiU,27.0
HPc8QMycGno,10.0
kMRe5A215xs,10.0
NMFnVfsNf5Y,20.0
54BVvP7zvDQ,24.0
fzmM0AB60QQ,24.0
MYnpO03crr8,17.0
gegW-vR_UHo,10.0
RQm0nKoODo4,10.0
NoyaSowvcJw,24.0
NA5vT1LooXk,20.0
YGXiVHTy0JE,10.0
k3uh0MJeypI,23.0
zVVrfqwA5lQ,10.0
2nUW3nIOOOg,10.0
qE-gdNIL8WI,10.0
hLljd8pfiFg,1.0
lTyDsnDq66A,24.0
pmMjkMtpnTc,10.0
XvIpLfV5GKo,10.0
EBYsx1QWF9A,24.0
jVXauWq9Hwg,10.0
fzCct3j-pH8,10.0
Ek3aeUhHaFY,22.0
JVapiOu7Hkc,22.0
sjVqDg32_8s,1.0
jY3lRSmdLQg,10.0
QwievZ1Tx-8,24.0
y0PMqR7IbAQ,10.0
aq-phmpUJ_E,10.0
Ihci78IBvzY,17.0
I2sRc3j7IU0,10.0
P3BMmJtbZUs,22.0
tkhbOc-jZ6c,24.0
gUWDiXBNohY,10.0
T8lWjQRhQXY,10.0
DRfniGCgW0I,15.0
CMzzImAolMc,26.0
bI31WqFDxNs,1.0
Q1JiptOTxno,24.0
RbmtNSxxkzU,20.0
zlAqizx7Lf0,24.0
w3Rd-KZeVp4,17.0
oSumNo-j-oc,24.0
zT7VEhfezn8,24.0
vk9dMICMQwg,25.0
8diVDS4qW6I,10.0
bNW6oR670s4,1.0
EROqrFqHegs,10.0
kX0vO4vlJuU,10.0
DKPCBAlDw2A,10.0
dc89yyOS0Z8,24.0
TSA9VZduuZ4,10.0
gEn3wcpNsg8,24.0
yRTRm9RrVaM,24.0
TvLGiAbgRc4,26.0
BNzc6hG3yN4,10.0
4oYYVrEFWE8,10.0
Eonq7PRPIqY,10.0
zVc-K1kKkVk,10.0
R_O5x0LNksM,24.0
jnQ4V-wajLY,10.0
fGqdIPer-ms,10.0
ZKw1m2yr6Wk,24.0
fAAAZqFmDfA,10.0
0aan7Vtcco0,17.0
ZEkImgh--PE,10.0
PkRo5l8679g,1.0
H4Hb6HcCm_E,22.0
eNbKd0cABD0,17.0
zUofr5WcdSM,17.0
tH2U9_v7q9E,22.0
f55HngFE9YM,10.0
byGeEw9tRh8,10.0
LVPzYHk5VW8,23.0
h4tcNcZ0MdY,24.0
k2p9gsjcfQY,24.0
i3cN9elJWvk,10.0
VaGcPRMY5UM,10.0
HE8SYbMsm0E,10.0
FhwktRDG_aQ,24.0
ki-Afm4arC0,10.0
5TTdcyRi-nw,1.0
PaYvlVR_BEc,10.0
6_DgXvcfhYg,10.0
O02MnrL_wrc,10.0
xCwwxNbtK6Y,24.0
wwVOmTImfLA,24.0
z5WrgDzNIZ0,10.0
M4ZoCHID9GI,10.0
udm5jUA-2bs,1.0
U4fErC9skHE,10.0
yvYeAdcM2Ss,24.0
H95362B0YOg,10.0
KnQrvQep5Eg,17.0
DX5_o-mumvE,10.0
rhGRZ0pedY4,27.0
D04ogdPt4EY,24.0
rp2I4P6bEYA,24.0
weebcQPRGUE,15.0
JwAnH6PLimo,24.0
jYuQzAxBVZU,24.0
fABSffnIhrk,24.0
tYDmvYhQ6wI,10.0
_7z85ipjSwA,10.0
EdRmaKHqYJY,23.0
cJzOUbYrQiY,10.0
9jI-z9QN6g8,10.0
ZHBYGpAlNog,10.0
Bm8rz-llMhE,10.0
2WHcBwq2wHc,17.0
gNTIOZ3jJJo,10.0
4DQ-2tDzJxw,10.0
ffxKSjUwKdU,10.0
Qi7t_g5QObs,24.0
Ks6I2rtI4ms,10.0
FvedKSaHCBQ,24.0
PxJrWCSJfBk,10.0
9PluGinulQM,24.0
1x_5E3gquFo,17.0
aCAhbjLKkt4,24.0
fQjGRb4-IQM,15.0
3TCcDE4fi4Y,10.0
PVbQrvlB_gw,10.0
sxvC647Yi0A,20.0
u9Mv98Gr5pY,24.0
VVoePRCvENk,23.0
TdyllLZeviY,10.0
iWVlOHSmzzo,24.0
BYG1qf3XJNM,23.0
WtE011iVx1Q,10.0
uIzhXFnhURQ,24.0
ZNsvGhLM42c,23.0
RYXGWpH3ZvQ,24.0
vUTI4bPdlgE,10.0
BidS_rcf7UU,10.0
Aeful-nI3ao,24.0
W7oeROkyPgs,22.0
d1D1SJ-KqaQ,10.0
ozbnTScWups,10.0
u_C4onVrr8U,10.0
uRP4nAGMYCY,22.0
p3r_puQXbJA,24.0
fsoyuZDgkxM,10.0
K0GRBMSCIK4,24.0
ObRqWRfC5rA,10.0
x4CF5pruJz4,20.0
r-d5HI-zC3I,10.0
94k6kEVGZzg,24.0
82QbMrg2HoI,23.0
fNVUTgd4pio,10.0
NGMnnrw70lA,24.0
6uGQ_ypTw08,10.0
EYeIEou-5kg,1.0
MTstD7FHcBw,22.0
sn3Ct2_L4OA,10.0
CANm1UMAChY,24.0
v6yg4ImnYwA,24.0
z4dH6hEMuwk,10.0
XYl_Zr8nvBo,10.0
M84oouivF7k,24.0
VDndE432GpU,10.0
Z4b6BPaO944,10.0
Yg83DR3qIPM,1.0
zLDR4HJfheA,20.0
kXIF2FQpgjM,24.0
vbZbnpbVc0w,10.0
OrnpSe4OChM,23.0
NclJj1h_MW4,25.0
20bpjtCbCz0,1.0
U9BwWKXjVaI,10.0
MAc8B58wOoE,23.0
r03V9OEJlgg,10.0
3N3c3ZX6hoM,23.0
ZcCp7488puc,10.0
NukmFF__G-g,10.0
efxiDBygvdg,10.0
34cHO5_LX9g,24.0
e7WSwRVKwBo,24.0
eVmxh5Uft0Y,10.0
CX11yw6YL1w,10.0
RECFTvCXhPk,24.0
l2HlSkv5T-A,24.0
VtZV_rFnI-4,23.0
_lu_Hgw60Ns,25.0
SWcdQ-6TKmI,24.0
PuaBdAwbbZY,24.0
e1YqueG2gtQ,10.0
guRbfQFddfg,24.0
VZsBRynPXHY,23.0
MQIvV800Atk,24.0
EbSOKsFHwU8,10.0
v0xBdIyNijk,17.0
xVArq_Qs9lY,1.0
L8IYPnnsYJw,25.0
tJfDBSWYqU8,1.0
i0p1bmr0EmE,10.0
nsZvmFUXkrI,23.0
DSRSgMp5X1w,10.0
5GHXEGz3PJg,10.0
ao_CJr7-NR4,25.0
7tm6bhXE5mQ,10.0
jdH2Sy-BlNE,10.0
7bFcHyI4dOk,24.0
9S9O2T1B6xE,22.0
p1DAEZNyJ8E,29.0
J-dv_DcDD_A,10.0
JwivtxQEmc8,23.0
urkiePoszu4,24.0
zEf423kYfqk,10.0
VYOjWnS4cMY,10.0
XQmI7hTE4Jw,1.0
qOioqgPyCwE,24.0
ING5Ygbqo_Y,10.0
Pgd_Tgi-pbQ,10.0
Ub3ot5DC_iE,24.0
137EH-5jNLI,23.0
zxwfDlhJIpw,22.0
jy-eDZkhljg,24.0
_wNZbgBPz1Q,1.0
op4B9sNGi0k,10.0
Il-an3K9pjg,10.0
Cyf1eXYE9Bw,24.0
vjI4Alon-3Q,10.0
OAGfx7eB3gA,15.0
WapBwuNtUzQ,24.0
36tggrpRoTI,10.0
iPf_ifCKftc,10.0
Am6NHDbj6XA,24.0
Ibp6KqGRVbY,10.0
p8npDG2ulKQ,10.0
oWw1BcFhk-k,10.0
_XyBa8QsVQU,10.0
xIZYxqqpjJQ,24.0
_j7z_oPTvJM,24.0
Zg165-mZ7x8,10.0
2kpJ4GbVvNc,1.0
icyhX6PjKjM,10.0
9flG5EqRPSc,24.0
l884wKofd54,10.0
tcaw6lzYt1Q,10.0
vjSohj-Iclc,28.0
th2lhZ7VeVk,24.0
f5I79eakR8E,10.0
8XBLuU_4Qgo,25.0
x-R19oA1m8w,10.0
N7HFXgyTya0,23.0
m6lY1GXTu5M,23.0
KUaIX_3W7GA,20.0
PcuRZ3WACBU,24.0
T1-k7VYwsHg,26.0
DdLYSziSXII,10.0
zbGSbZXzvqw,23.0
pFc6I0rgmgY,24.0
8pfXS-SwbTw,24.0
w_Cf-LT0Ajk,10.0
Uk44LId1RIc,24.0
t1v0BgiYgHE,24.0
BYF2tfdD1fA,1.0
HlRd9Zy25zo,24.0
31OMf1H5Rk0,10.0
iWZmdoY1aTE,10.0
9_LIP7qguYw,24.0
T4FAg5A4wQk,10.0
6S9c5nnDd_s,1.0
6YNZlXfW6Ho,10.0
m2i_SLAQPpU,24.0
0XuOkYlUWIs,24.0
SLzq5EZDteA,24.0
y_WoOYybCro,24.0
Yo0RvZZz_ds,10.0
VQhjbCxOxdo,10.0
Ck4xHocysLw,10.0
0NS51Iph2Ms,25.0
pwj_SZHqiSc,24.0
9mQk7Evt6Vs,10.0
RL1e5ZyVUkU,24.0
gsKjJRSmYio,10.0
QW8whgmyTNU,24.0
Vm_CmfA5gRI,10.0
KUUjtUP2CrE,10.0
mQ055hHdxbE,10.0
DkeiKbqa02g,10.0
eZRmP-l3Nz0,24.0
tlILlcCE8Sc,10.0
H3PKipRZKv0,1.0
d72Ru3y4YJA,17.0
1qsRU7C_Gp0,25.0
wswvNZveNHc,24.0
kFMZUxX6K6o,10.0
ggm2Pvj2QHQ,24.0
zCot9TDoA-M,20.0
XiHiW4N7-bo,1.0
FRjOSmc01-M,10.0
PWwvR6cSH4o,20.0
1Aoc-cd9eYs,24.0
LftOOM6qlJ4,22.0
rDl3gAJpm_4,10.0
Ut7e-0X8lds,25.0
GpxCT36DxKg,24.0
6SuMbFuKDf8,10.0
ErKz5mD61q4,10.0
4KtBBzHWmTI,10.0
7C2z4GqqS5E,10.0
Un8b0JDw0Bc,24.0
8JnfIa84TnU,10.0
5w1GdX44DHc,17.0
X1VzzNbfPaM,10.0
BspHjvU11y4,10.0
YynKelHGhNc,10.0
LF-1zy8VII4,10.0
CZkUNPBlJIQ,24.0
G3Sl2vJrmf0,10.0
6wGj89GE6aQ,24.0
j26WyjSo1dE,23.0
GfxNGjfSKRY,10.0
zxjv0lo8bU8,17.0
ZzStPviPY90,24.0
tIWpr3tHzII,24.0
S0NMTuz9Duo,10.0
SKV6h_5XFbk,23.0
mdWcaWBxxcY,24.0
1ce456Nnkt8,10.0
xTlNMmZKwpA,10.0
nah07N01UF0,24.0
-8X32zNup1o,22.0
UUkn-enk2RU,24.0
o6XERmXsP-U,24.0
nhs0fuubs1I,10.0
CE7SkcoyVAI,1.0
gkemkf8vs0Q,17.0
3Q2j5ApzSqs,10.0
4TcIHlJQpEQ,24.0
FjqBekVMwjQ,24.0
UvDJ-ZdHiSg,10.0
bGW2eZGnznk,1.0
cVdnrt6HCh0,17.0
mzB1VGEGcSU,24.0
yNOAs3poxMw,24.0
swqmsRWM4rY,10.0
BgR_HJ7aGDY,22.0
SbrOMrjhyvI,1.0
RtvUoab88UE,22.0
3uGIEY7tdg8,1.0
D_6QmL6rExk,10.0
IZMkv8_w1yI,20.0
H08xgoXkpa8,24.0
7zLzYiw1wdQ,23.0
pcJo0tIWybY,10.0
gf7FV1i7lb8,17.0
igT1QKKm2GE,10.0
2SJ0hgdciNE,10.0
_bQbYmLAZ_k,20.0
Ytzc6ehAvOM,10.0
71Es-8FfATo,10.0
B663R7kgxEA,22.0
fs_eQQZEZRY,27.0
kPEzyLTR-a4,23.0
E5yFcdPAGv0,10.0
35aEjj8C4Cg,24.0
N1HAMUAXzbs,10.0
rP3UngLFou4,20.0
ExJmET8boVw,24.0
SQmOaJciI7Q,1.0
T3zm1_JSPOQ,10.0
IP8k2xkhOdI,10.0
